{
  "Total" : {
    "transaction" : "Total",
    "sampleCount" : 201269,
    "errorCount" : 29432,
    "errorPct" : 14.623216,
    "meanResTime" : 220.90061559405675,
    "medianResTime" : 8.0,
    "minResTime" : 1.0,
    "maxResTime" : 191853.0,
    "pct1ResTime" : 15.0,
    "pct2ResTime" : 24.0,
    "pct3ResTime" : 44.0,
    "throughput" : 0.6746816803702,
    "receivedKBytesPerSec" : 4.717139681175596,
    "sentKBytesPerSec" : 0.06919008528048813
  },
  "Domain Request" : {
    "transaction" : "Domain Request",
    "sampleCount" : 201269,
    "errorCount" : 29432,
    "errorPct" : 14.623216,
    "meanResTime" : 220.90061559405675,
    "medianResTime" : 8.0,
    "minResTime" : 1.0,
    "maxResTime" : 191853.0,
    "pct1ResTime" : 15.0,
    "pct2ResTime" : 24.0,
    "pct3ResTime" : 44.0,
    "throughput" : 0.6746816803702,
    "receivedKBytesPerSec" : 4.717139681175596,
    "sentKBytesPerSec" : 0.06919008528048813
  }
}