{
  "Total" : {
    "transaction" : "Total",
    "sampleCount" : 126269,
    "errorCount" : 29432,
    "errorPct" : 23.308968,
    "meanResTime" : 345.1136541827392,
    "medianResTime" : 9.0,
    "minResTime" : 1.0,
    "maxResTime" : 191853.0,
    "pct1ResTime" : 33.0,
    "pct2ResTime" : 47.0,
    "pct3ResTime" : 113.0,
    "throughput" : 0.42423835970109125,
    "receivedKBytesPerSec" : 2.7974281052310417,
    "sentKBytesPerSec" : 0.03908046074625459
  },
  "Domain Request" : {
    "transaction" : "Domain Request",
    "sampleCount" : 126269,
    "errorCount" : 29432,
    "errorPct" : 23.308968,
    "meanResTime" : 345.1136541827392,
    "medianResTime" : 9.0,
    "minResTime" : 1.0,
    "maxResTime" : 191853.0,
    "pct1ResTime" : 33.0,
    "pct2ResTime" : 47.0,
    "pct3ResTime" : 113.0,
    "throughput" : 0.42423835970109125,
    "receivedKBytesPerSec" : 2.7974281052310417,
    "sentKBytesPerSec" : 0.03908046074625459
  }
}